Sl.No.,State/UT,2019-20,2020-21,2021-22,2022-23,2023-24
1,Arunachal Pradesh,0,0,104.85,69.58,200.61
2,Assam,1433.97,1503.43,5771.11,9141.75,2934.45
3,Bihar,4902.97,6683.93,3082.22,7497.21,29.66
4,Chhattisgarh,562.55,307.12,0,344.23,1730.76
5,Goa,0,0,0,0,0
6,Gujarat,385.56,192.78,687.29,911.75,559.25
7,Haryana,34.55,0,0,44.33,3.23
8,Himachal Pradesh,0,10.62,32.97,37.86,99.46
9,Jammu and Kashmir,67.69,795.86,123.43,1031.58,1234.69
10,Jharkhand,2442.76,3348.51,1207.91,1236.02,28.09
11,Kerala,0,0,0,70.29,2.11
12,Madhya Pradesh,2291.98,4565.8,4509.58,6374.91,241.64
13,Maharashtra,1815.33,1310.1,1249.8,1676.07,785.21
14,Manipur,10.3,84.89,21.01,161.14,216.45
15,Meghalaya,22.6,191.08,90.13,106.44,1591.26
16,Mizoram,0,16.16,41.92,29.58,157.9
17,Nagaland,0,17.4,17.41,52.5,334.17
18,Odisha,2197.33,2821.87,1011.87,1723.28,4310.71
19,Punjab,0,49.22,18.31,71.68,32.64
20,Rajasthan,2933.34,1108.59,1405.46,2157.52,67.57
21,Sikkim,0.65,0,0.57,0.97,1.58
22,Tamil Nadu,487.52,78.62,928.93,2004.39,28.23
23,Tripura,229.52,113.62,1368.48,1264.2,1276.9
24,Uttar Pradesh,1145.64,4830.9,3727,4777.03,2620.93
25,Uttarakhand,0,0,149.18,128.08,388.19
26,West Bengal,5976,8810.54,687.84,0,0
27,Andaman and Nicobar Islands,0,16.88,0,0,5.45
28,Dadra and Nagar Haveli and Daman and Diu,55.98,0,0,0,0
29,Lakshadweep,0,0,0,0,0
30,Puducherry,0,0,0,0,0
31,Andhra Pradesh,0,0,0,0,312.25
32,Karnataka,309.6,0,0,214.92,3.61
33,Telangana,0,0,0,0,0
34,Ladakh,0,0,0,3.09,18.9
Total,Total,27305.84,36857.93,26237.24,41130.36,19215.89
