Sl. No.,State / UT,2018,2019,2020,2021,2022,2023
1,Andaman and Nicobar Islands,1711,7889,12436,12602,13403,13447
2,Andhra Pradesh,80044,342598,391860,391625,416861,512437
3,Arunachal Pradesh,6362,39315,44699,44670,47818,49247
4,Assam,1128139,2835940,3484901,3474326,3979854,4414806
5,Bihar,4913150,7894786,8537893,8523573,10094557,10733364
6,Chandigarh,0,88,88,87,92,659
7,Chhattisgarh,1952120,2692704,2989440,2988523,3351181,3492221
8,Dadra and Nagar Haveli and Daman and Diu,11640,14530,15174,15166,15050,15033
9,Delhi,677,73797,76855,76190,98756,142164
10,Goa,984,1072,1082,1081,1081,1265
11,Gujarat,1269014,2521066,2901059,2899233,3438252,3843237
12,Haryana,357112,680456,730928,726751,738980,767322
13,Himachal Pradesh,29741,112918,135966,135960,138382,140822
14,Jammu and Kashmir,372920,1053018,1230997,1230134,1238847,1245438
15,Jharkhand,1203543,2904575,3261556,3258502,3474963,3646220
16,Karnataka,909014,2822822,3146300,3143099,3466468,3757704
17,Kerala,38393,209923,256302,256136,300498,341187
18,Ladakh,NA,NA,11083,11072,11099,11090
19,Lakshadweep,134,290,290,292,302,309
20,Madhya Pradesh,3315172,6445785,7154600,7143875,7938596,8227427
21,Maharashtra,1877378,4063804,4428682,4419772,4698339,4890055
22,Manipur,32617,130377,156598,156398,178392,202029
23,Meghalaya,36844,140311,150744,150526,173142,214928
24,Mizoram,902,25781,28118,28122,29645,33595
25,Nagaland,9225,49402,55140,54096,77111,91807
26,Odisha,2300335,4226289,4740385,4736666,5188279,5319685
27,Puducherry,2621,13374,13577,13568,14218,14833
28,Punjab,382351,1208962,1224218,1219883,1235939,1283976
29,Rajasthan,2625634,5695525,6368525,6359564,6620356,6927163
30,Sikkim,687,7798,8752,8752,12457,13795
31,Tamil Nadu,1018051,3141843,3242217,3237695,3450256,3704058
32,Telangana,41,923841,1072321,1071393,1111322,1152850
33,Tripura,46379,238393,271888,271530,271904,283503
34,Uttar Pradesh,6486116,12963097,14756494,14733034,16718454,17503067
35,Uttarakhand,137440,352921,404566,403234,449877,496450
36,West Bengal,5056785,8062319,8856695,8839050,10908400,12372225
Total All India,Total All India,35603276,71897609,80162429,80036180,89903131,95859418
