Sl. No.,State/UT,MoRD Target,Sanctions Out of GEO Tagged,Completed
1,Arunachal Pradesh,41596,35211,5169
2,Assam,2084070,1290323,591774
3,Bihar,3883611,3665409,2629884
4,Chhattisgarh,1097150,1096478,825312
5,Goa,1707,243,133
6,Gujarat,449167,433469,382176
7,Haryana,30789,27152,21020
8,Himachal Pradesh,15483,15106,10214
9,Jammu and Kashmir,201633,195224,92070
10,Jharkhand,1603268,1583870,1230542
11,Kerala,42212,34487,20437
12,Madhya Pradesh,3789400,3719073,2611716
13,Maharashtra,1505983,1257707,833420
14,Manipur,46166,34471,15041
15,Meghalaya,81677,62328,30382
16,Mizoram,20518,13760,5559
17,Nagaland,24775,22301,4239
18,Odisha,2695837,1838545,1696312
19,Punjab,41117,37478,23170
20,Rajasthan,1733959,1726674,1321260
21,Sikkim,1409,1370,1070
22,Tamil Nadu,817439,751351,373438
23,Tripura,282238,231152,116980
24,Uttar Pradesh,2615951,2610354,2575775
25,Uttarakhand,29052,28445,22593
26,West Bengal,3482359,3468221,3344784
27,Andaman and Nicobar,1337,1347,1117
28,Dadra and Nagar Haveli,6763,5536,2158
29,Daman and Diu,68,47,13
30,Lakshadweep,53,53,44
31,Puducherry,0,0,0
32,Andhra Pradesh,256270,67565,46707
33,Karnataka,307746,160880,101675
34,Telangana,0,0,0
35,Ladakh,1992,1906,1428
Total,Total,27192795,24417536,18937612
