Sl. No.,State/UT,Houses Sanctioned (Units in Number) - 2017-18,Houses Sanctioned (Units in Number) - 2018-19,Houses Sanctioned (Units in Number) - 2019-20
1,Arunachal Pradesh,1875,0,6254
2,Assam,35191,0,219254
3,Bihar,532919,0,1286135
4,Chhattisgarh,206372,348960,151096
5,Goa,0,0,0
6,Gujarat,90766,0,105583
7,Haryana,9280,0,0
8,Himachal Pradesh,2438,0,866
9,Jammu and Kashmir,19726,0,54233
10,Jharkhand,159053,138884,322000
11,Kerala,5309,0,0
12,Madhya Pradesh,389494,565237,598929
13,Maharashtra,143941,66148,296134
14,Manipur,0,0,8848
15,Meghalaya,3713,0,17070
16,Mizoram,1794,0,1500
17,Nagaland,0,0,1433
18,Odisha,340488,255950,654634
19,Punjab,3996,0,9979
20,Rajasthan,223012,213010,447347
21,Sikkim,0,0,0
22,Tamil Nadu,130214,21000,181436
23,Tripura,1259,0,23515
24,Uttar Pradesh,395079,309985,171681
25,Uttarakhand,4086,0,0
26,West Bengal,375165,585851,1027397
27,Andaman and Nicobar Islands,204,343,292
28,Dadra and Nagar Haveli,739,4584,0
29,Daman and Diu,14,0,0
30,Lakshadweep,0,0,0
31,Puducherry,0,0,0
32,Andhra Pradesh,10113,0,0
33,Karnataka,79040,0,35370
34,Telangana,0,0,0
35,Ladakh,NA,NA,201
Total,Total,3165280,2509952,5621187
